,DateTime,Ask
0,2012-08-01,2.14
1,2012-08-02,2.13
2,2012-08-03,2.12
3,2012-08-06,2.12
4,2012-08-07,2.14
5,2012-08-08,2.15
6,2012-08-09,2.24
7,2012-08-10,2.25
8,2012-08-13,2.25
9,2012-08-14,2.29
10,2012-08-16,2.35
11,2012-08-17,2.33
12,2012-08-20,2.33
13,2012-08-21,2.33
14,2012-08-22,2.35
15,2012-08-23,2.32
16,2012-08-24,2.26
17,2012-08-27,2.22
18,2012-08-28,2.16
19,2012-08-29,2.14
20,2012-08-30,2.2
21,2012-08-31,2.17
22,2012-09-03,2.14
23,2012-09-04,2.14
24,2012-09-05,2.14
25,2012-09-06,2.11
26,2012-09-07,2.11
27,2012-09-10,2.09
28,2012-09-11,2.1
29,2012-09-12,2.14
30,2012-09-13,2.18
31,2012-09-14,2.22
32,2012-09-17,2.22
33,2012-09-18,2.14
34,2012-09-19,2.16
35,2012-09-20,2.13
36,2012-09-21,2.08
37,2012-09-24,2.12
38,2012-09-25,2.07
39,2012-09-26,2.09
40,2012-09-27,2.13
41,2012-09-28,2.13
42,2012-10-02,2.09
43,2012-10-04,2.05
44,2012-10-05,2.08
45,2012-10-08,2.12
46,2012-10-09,2.09
47,2012-10-10,2.02
48,2012-10-11,2.1
49,2012-10-12,2.16
50,2012-10-15,2.12
51,2012-10-16,2.17
52,2012-10-17,2.16
53,2012-10-18,2.17
54,2012-10-19,2.18
55,2012-10-22,2.16
56,2012-10-23,2.13
57,2012-10-24,2.11
58,2012-10-25,2.09
59,2012-10-26,2.07
60,2012-10-29,2.08
61,2012-10-30,2.09
62,2012-10-31,2.09
63,2012-11-01,2.07
64,2012-11-02,2.09
65,2012-11-05,2.09
66,2012-11-06,2.09
67,2012-11-07,2.11
68,2012-11-08,2.07
69,2012-11-09,2.07
70,2012-11-12,2.06
71,2012-11-13,2.05
72,2012-11-14,2.02
73,2012-11-15,2
74,2012-11-16,1.98
75,2012-11-19,1.98
76,2012-11-20,1.98
77,2012-11-21,1.97
78,2012-11-22,1.97
79,2012-11-23,1.99
80,2012-11-26,2.04
81,2012-11-27,2.06
82,2012-11-28,2.06
83,2012-11-29,2.06
84,2012-11-30,2.08
85,2012-12-03,2.08
86,2012-12-04,2.09
87,2012-12-05,2.1
88,2012-12-06,2.12
89,2012-12-07,2.11
90,2012-12-10,2.04
91,2012-12-11,2.02
92,2012-12-12,2.31
93,2012-12-13,2.37
94,2012-12-14,2.39
95,2012-12-17,2.44
96,2012-12-18,2.46
97,2012-12-20,2.5
98,2012-12-21,2.48
99,2012-12-24,2.5
100,2012-12-26,2.53
101,2012-12-27,2.52
102,2012-12-28,2.27
103,2012-12-31,2.27
104,2013-01-02,2.57
105,2013-01-03,2.52
106,2013-01-04,2.46
107,2013-01-07,2.47
108,2013-01-08,2.44
109,2013-01-09,2.44
110,2013-01-10,2.38
111,2013-01-11,2.2
112,2013-01-14,2.23
113,2013-01-15,2.24
114,2013-01-16,2.22
115,2013-01-17,2.21
116,2013-01-18,2.21
117,2013-01-21,2.17
118,2013-01-22,2.19
119,2013-01-23,2.18
120,2013-01-24,2.18
121,2013-01-25,2.18
122,2013-01-28,2.14
123,2013-01-29,2.16
124,2013-01-30,2.15
125,2013-01-31,2.15
126,2013-02-01,2.14
127,2013-02-04,2.14
128,2013-02-05,2.12
129,2013-02-06,2.1
130,2013-02-07,2.1
131,2013-02-08,2.08
132,2013-02-12,2.08
133,2013-02-13,2.37
134,2013-02-14,2.39
135,2013-02-15,2.16
136,2013-02-18,2.43
137,2013-02-19,2.43
138,2013-02-20,2.44
139,2013-02-21,2.43
140,2013-02-22,2.45
141,2013-02-25,2.48
142,2013-02-26,2.44
143,2013-02-27,2.45
144,2013-02-28,2.42
145,2013-03-04,2.4
146,2013-03-05,2.42
147,2013-03-06,2.45
148,2013-03-07,2.44
149,2013-03-08,2.46
150,2013-03-11,2.47
151,2013-03-12,2.49
152,2013-03-13,2.5
153,2013-03-14,2.5
154,2013-03-15,2.21
155,2013-03-18,2.46
156,2013-03-19,2.46
157,2013-03-20,2.45
158,2013-03-21,2.43
159,2013-03-22,2.39
160,2013-03-25,2.41
161,2013-03-26,2.41
162,2013-03-27,2.41
163,2013-03-28,2.31
164,2013-03-29,2.32
165,2013-04-01,2.3
166,2013-04-02,2.3
167,2013-04-03,2.3
168,2013-04-04,1.9
169,2013-04-05,1.8
170,2013-04-08,1.53
171,2013-04-09,1.86
172,2013-04-10,1.81
173,2013-04-11,1.91
174,2013-04-12,1.89
175,2013-04-15,1.84
176,2013-04-16,1.84
177,2013-04-17,1.79
178,2013-04-18,1.78
179,2013-04-19,1.85
180,2013-04-22,1.83
181,2013-04-23,1.8
182,2013-04-24,1.74
183,2013-04-25,1.7
184,2013-04-26,1.61
185,2013-04-29,1.56
186,2013-04-30,1.58
187,2013-05-02,1.61
188,2013-05-03,1.7
189,2013-05-06,1.7
190,2013-05-07,1.59
191,2013-05-08,1.68
192,2013-05-09,1.67
193,2013-05-10,1.65
194,2013-05-13,1.65
195,2013-05-14,1.67
196,2013-05-15,1.67
197,2013-05-16,1.66
198,2013-05-20,1.9
199,2013-05-21,1.92
200,2013-05-22,1.9
201,2013-05-23,1.84
202,2013-05-24,1.83
203,2013-05-27,1.85
204,2013-05-28,1.86
205,2013-05-29,1.86
206,2013-05-30,1.89
207,2013-05-31,1.98
208,2013-06-03,1.98
209,2013-06-04,1.99
210,2013-06-05,1.99
211,2013-06-07,1.99
212,2013-06-10,1.99
213,2013-06-11,1.92
214,2013-06-12,1.9
215,2013-06-13,1.84
216,2013-06-14,1.92
217,2013-06-17,1.9
218,2013-06-18,1.87
219,2013-06-19,1.83
220,2013-06-20,1.68
221,2013-06-21,1.73
222,2013-06-24,1.69
223,2013-06-25,1.74
224,2013-06-26,1.79
225,2013-06-27,1.81
226,2013-06-28,1.9
227,2013-07-01,1.87
228,2013-07-02,1.87
229,2013-07-03,1.92
230,2013-07-04,1.92
231,2013-07-05,1.92
232,2013-07-08,1.88
233,2013-07-09,1.93
234,2013-07-10,1.93
235,2013-07-11,1.96
236,2013-07-12,1.92
237,2013-07-15,1.93
238,2013-07-16,1.95
239,2013-07-17,1.95
240,2013-07-18,1.93
241,2013-07-19,1.95
242,2013-07-22,1.97
243,2013-07-23,2
244,2013-07-24,2.02
245,2013-07-25,2.05
246,2013-07-26,2.06
247,2013-07-29,2.1
248,2013-07-30,2.07
249,2013-07-31,2.04
250,2013-08-01,2.03
251,2013-08-02,2.03
252,2013-08-05,2.02
253,2013-08-06,2.02
254,2013-08-07,2.4
255,2013-08-08,2.4
256,2013-08-09,2.1
257,2013-08-12,2.14
258,2013-08-13,2.13
259,2013-08-14,2.1
260,2013-08-16,2.14
261,2013-08-19,2.17
262,2013-08-20,2.14
263,2013-08-21,2.19
264,2013-08-22,2.21
265,2013-08-23,2.24
266,2013-08-26,2.27
267,2013-08-27,2.27
268,2013-08-28,2.27
269,2013-08-29,2.01
270,2013-08-30,2.02
271,2013-09-02,1.97
272,2013-09-03,2.27
273,2013-09-04,2.32
274,2013-09-05,2.38
275,2013-09-06,2.39
276,2013-09-09,2.38
277,2013-09-10,2.4
278,2013-09-11,2.42
279,2013-09-12,2.42
280,2013-09-13,2.44
281,2013-09-16,2.45
282,2013-09-17,2.44
283,2013-09-23,2.45
284,2013-09-24,2.44
285,2013-09-25,2.46
286,2013-09-26,2.5
287,2013-09-27,2.47
288,2013-09-30,2.43
289,2013-10-01,2.43
290,2013-10-02,2.46
291,2013-10-04,2.48
292,2013-10-07,2.47
293,2013-10-08,2.45
294,2013-10-10,2.45
295,2013-10-11,2.45
296,2013-10-14,2.49
297,2013-10-15,2.49
298,2013-10-16,2.49
299,2013-10-17,2.5
300,2013-10-18,2.49
301,2013-10-21,2.47
302,2013-10-22,2.47
303,2013-10-23,2.48
304,2013-10-24,2.46
305,2013-10-25,2.46
306,2013-10-28,2.46
307,2013-10-29,2.51
308,2013-10-30,2.5
309,2013-10-31,2.49
310,2013-11-01,2.46
311,2013-11-04,2.44
312,2013-11-05,2.42
313,2013-11-06,2.42
314,2013-11-07,2.43
315,2013-11-08,2.4
316,2013-11-11,2.39
317,2013-11-12,2.4
318,2013-11-13,2.39
319,2013-11-14,2.39
320,2013-11-15,2.34
321,2013-11-18,2.34
322,2013-11-19,2.34
323,2013-11-20,2.42
324,2013-11-21,2.38
325,2013-11-22,2.38
326,2013-11-25,2.38
327,2013-11-26,2.41
328,2013-11-27,2.39
329,2013-11-28,2.39
330,2013-11-29,2.37
331,2013-12-02,2.37
332,2013-12-03,2.34
333,2013-12-04,2.32
334,2013-12-05,2.29
335,2013-12-06,2.3
336,2013-12-09,2.32
337,2013-12-10,2.34
338,2013-12-11,2.27
339,2013-12-12,2.3
340,2013-12-13,2.29
341,2013-12-16,2.27
342,2013-12-17,2.27
343,2013-12-18,2.21
344,2013-12-19,2.19
345,2013-12-20,2.22
346,2013-12-23,2.29
347,2013-12-24,2.31
348,2013-12-26,2.29
349,2013-12-27,2.32
350,2013-12-30,2.32
351,2014-01-02,2.31
352,2014-01-03,2.31
353,2014-01-06,2.27
354,2014-01-07,2.24
355,2014-01-08,2.16
356,2014-01-09,2.2
357,2014-01-10,2.25
358,2014-01-13,2.27
359,2014-01-14,2.28
360,2014-01-15,2.25
361,2014-01-16,2.25
362,2014-01-17,2.25
363,2014-01-20,2.25
364,2014-01-21,2.28
365,2014-01-22,2.27
366,2014-01-23,2.27
367,2014-01-24,2.23
368,2014-01-27,2.23
369,2014-01-28,2.16
370,2014-01-29,2.2
371,2014-02-03,2.13
372,2014-02-04,2.13
373,2014-02-05,2.17
374,2014-02-06,2.18
375,2014-02-07,2.17
376,2014-02-10,2.2
377,2014-02-11,2.2
378,2014-02-12,2.26
379,2014-02-13,2.22
380,2014-02-14,2.23
381,2014-02-17,2.25
382,2014-02-18,2.23
383,2014-02-19,2.23
384,2014-02-20,2.2
385,2014-02-21,2.19
386,2014-02-24,2.18
387,2014-02-25,2.22
388,2014-02-26,2.26
389,2014-02-27,2.24
390,2014-02-28,2.21
391,2014-03-03,2.22
392,2014-03-04,2.23
393,2014-03-05,2.23
394,2014-03-06,2.24
395,2014-03-07,2.27
396,2014-03-10,2.27
397,2014-03-11,2.29
398,2014-03-12,2.25
399,2014-03-13,2.26
400,2014-03-14,2.21
401,2014-03-17,2.26
402,2014-03-18,2.27
403,2014-03-19,2.27
404,2014-03-20,2.24
405,2014-03-21,2.24
406,2014-03-24,2.21
407,2014-03-25,2.22
408,2014-03-26,2.22
409,2014-03-27,2.19
410,2014-03-28,2.21
411,2014-03-31,2.2
412,2014-04-01,2.25
413,2014-04-02,2.28
414,2014-04-03,2.26
415,2014-04-04,2.25
416,2014-04-07,2.24
417,2014-04-08,2.25
418,2014-04-09,2.26
419,2014-04-10,2.27
420,2014-04-11,2.22
421,2014-04-14,2.24
422,2014-04-15,2.2
423,2014-04-16,2.19
424,2014-04-17,2.22
425,2014-04-18,2.24
426,2014-04-21,2.25
427,2014-04-22,2.23
428,2014-04-23,2.23
429,2014-04-24,2.24
430,2014-04-25,2.21
431,2014-04-28,2.25
432,2014-04-29,2.26
433,2014-04-30,2.28
434,2014-05-02,2.26
435,2014-05-07,2.25
436,2014-05-08,2.26
437,2014-05-09,2.29
438,2014-05-12,2.32
439,2014-05-13,2.32
440,2014-05-14,2.34
441,2014-05-15,2.35
442,2014-05-16,2.36
443,2014-05-19,2.38
444,2014-05-20,2.37
445,2014-05-21,2.31
446,2014-05-22,2.3
447,2014-05-23,2.3
448,2014-05-26,2.32
449,2014-05-27,2.32
450,2014-05-28,2.33
451,2014-05-29,2.36
452,2014-05-30,2.35
453,2014-06-02,2.32
454,2014-06-03,2.34
455,2014-06-05,2.34
456,2014-06-09,2.37
457,2014-06-10,2.34
458,2014-06-11,2.32
459,2014-06-12,2.28
460,2014-06-13,2.25
461,2014-06-16,2.19
462,2014-06-17,2.21
463,2014-06-18,2.21
464,2014-06-19,2.2
465,2014-06-20,2.15
466,2014-06-23,2.12
467,2014-06-24,2.15
468,2014-06-25,2.16
469,2014-06-26,2.17
470,2014-06-27,2.13
471,2014-06-30,2.12
472,2014-07-01,2.08
473,2014-07-02,2.07
474,2014-07-03,2.08
475,2014-07-04,2.12
476,2014-07-07,2.12
477,2014-07-08,2.12
478,2014-07-09,2.09
479,2014-07-10,2.04
480,2014-07-11,1.98
481,2014-07-14,1.99
482,2014-07-15,2
483,2014-07-16,1.99
484,2014-07-17,1.94
485,2014-07-18,1.94
486,2014-07-21,1.97
487,2014-07-22,1.98
488,2014-07-23,2
489,2014-07-24,1.94
490,2014-07-25,1.88
491,2014-07-28,1.89
492,2014-07-29,1.89
493,2014-07-30,1.93
494,2014-07-31,1.96
495,2014-08-01,1.98
496,2014-08-04,1.97
497,2014-08-05,1.96
498,2014-08-06,1.96
499,2014-08-07,1.91
500,2014-08-08,1.8
501,2014-08-11,1.84
502,2014-08-12,1.85
503,2014-08-13,1.85
504,2014-08-14,1.84
505,2014-08-18,1.91
506,2014-08-19,1.95
507,2014-08-20,1.91
508,2014-08-21,1.92
509,2014-08-22,1.97
510,2014-08-25,1.99
511,2014-08-26,2.02
512,2014-08-27,2.01
513,2014-08-28,1.99
514,2014-08-29,1.99
515,2014-09-01,2
516,2014-09-02,2.03
517,2014-09-03,2.02
518,2014-09-04,2.02
519,2014-09-05,2.02
520,2014-09-11,2
521,2014-09-12,1.96
522,2014-09-15,1.91
523,2014-09-16,1.95
524,2014-09-17,1.93
525,2014-09-18,1.91
526,2014-09-19,1.89
527,2014-09-22,1.89
528,2014-09-23,1.89
529,2014-09-24,1.87
530,2014-09-25,1.86
531,2014-09-26,1.85
532,2014-09-29,1.87
533,2014-09-30,1.89
534,2014-10-01,1.85
535,2014-10-02,1.79
536,2014-10-06,1.84
537,2014-10-07,1.78
538,2014-10-08,1.75
539,2014-10-10,1.7
540,2014-10-13,1.68
541,2014-10-14,1.72
542,2014-10-15,1.7
543,2014-10-16,1.65
544,2014-10-17,1.69
545,2014-10-20,1.67
546,2014-10-21,1.67
547,2014-10-22,1.69
548,2014-10-23,1.67
549,2014-10-24,1.7
550,2014-10-27,1.73
551,2014-10-28,1.7
552,2014-10-29,1.69
553,2014-10-30,1.71
554,2014-10-31,1.67
555,2014-11-03,1.62
556,2014-11-04,1.6
557,2014-11-05,1.63
558,2014-11-06,1.6
559,2014-11-07,1.6
560,2014-11-10,1.59
561,2014-11-11,1.57
562,2014-11-12,1.61
563,2014-11-13,1.59
564,2014-11-14,1.59
565,2014-11-17,1.56
566,2014-11-18,1.54
567,2014-11-19,1.56
568,2014-11-20,1.54
569,2014-11-21,1.55
570,2014-11-24,1.58
571,2014-11-25,1.57
572,2014-11-26,1.54
573,2014-11-27,1.54
574,2014-11-28,1.52
575,2014-12-01,1.48
576,2014-12-02,1.5
577,2014-12-03,1.51
578,2014-12-04,1.58
579,2014-12-05,1.53
580,2014-12-08,1.55
581,2014-12-09,1.61
582,2014-12-10,1.6
583,2014-12-11,1.64
584,2014-12-12,1.64
585,2014-12-15,1.61
586,2014-12-16,1.64
587,2014-12-17,1.63
588,2014-12-18,1.64
589,2014-12-19,1.68
590,2014-12-22,1.69
591,2014-12-23,1.72
592,2014-12-24,1.76
593,2014-12-26,1.79
594,2014-12-29,1.8
595,2014-12-30,1.81
596,2014-12-31,1.81
597,2015-01-02,1.77
598,2015-01-05,1.74
599,2015-01-06,1.72
600,2015-01-07,1.67
601,2015-01-08,1.73
602,2015-01-09,1.73
603,2015-01-12,1.69
604,2015-01-13,1.68
605,2015-01-14,1.71
606,2015-01-15,1.7
607,2015-01-16,1.71
608,2015-01-19,1.72
609,2015-01-20,1.75
610,2015-01-21,1.72
611,2015-01-22,1.74
612,2015-01-23,1.74
613,2015-01-26,1.72
614,2015-01-27,1.74
615,2015-01-28,1.74
616,2015-01-29,1.73
617,2015-01-30,1.76
618,2015-02-02,1.74
619,2015-02-03,1.75
620,2015-02-04,1.75
621,2015-02-05,1.74
622,2015-02-06,1.74
623,2015-02-09,1.75
624,2015-02-10,1.8
625,2015-02-11,1.8
626,2015-02-12,1.75
627,2015-02-13,1.72
628,2015-02-16,1.73
629,2015-02-17,1.72
630,2015-02-23,1.72
631,2015-02-24,1.71
632,2015-02-25,1.7
633,2015-02-26,1.72
634,2015-02-27,1.72
635,2015-03-02,1.7
636,2015-03-03,1.69
637,2015-03-04,1.69
638,2015-03-05,1.72
639,2015-03-06,1.69
640,2015-03-09,1.69
641,2015-03-10,1.69
642,2015-03-11,1.67
643,2015-03-12,1.6
644,2015-03-13,1.58
645,2015-03-16,1.56
646,2015-03-17,1.56
647,2015-03-18,1.56
648,2015-03-19,1.52
649,2015-03-20,1.49
650,2015-03-23,1.48
651,2015-03-24,1.5
652,2015-03-25,1.5
653,2015-03-26,1.52
654,2015-03-27,1.52
655,2015-03-30,1.53
656,2015-03-31,1.53
657,2015-04-01,1.5
658,2015-04-02,1.52
659,2015-04-03,1.53
660,2015-04-06,1.53
661,2015-04-07,1.51
662,2015-04-08,1.52
663,2015-04-09,1.52
664,2015-04-10,1.5
665,2015-04-13,1.5
666,2015-04-14,1.5
667,2015-04-15,1.45
668,2015-04-16,1.43
669,2015-04-17,1.41
670,2015-04-20,1.42
671,2015-04-21,1.43
672,2015-04-22,1.43
673,2015-04-23,1.47
674,2015-04-24,1.47
675,2015-04-27,1.48
676,2015-04-28,1.52
677,2015-04-29,1.5
678,2015-04-30,1.52
679,2015-05-04,1.56
680,2015-05-06,1.65
681,2015-05-07,1.58
682,2015-05-08,1.57
683,2015-05-11,1.55
684,2015-05-12,1.56
685,2015-05-13,1.54
686,2015-05-14,1.5
687,2015-05-15,1.49
688,2015-05-18,1.52
689,2015-05-19,1.5
690,2015-05-20,1.5
691,2015-05-21,1.5
692,2015-05-22,1.49
693,2015-05-26,1.5
694,2015-05-27,1.48
695,2015-05-28,1.5
696,2015-05-29,1.46
697,2015-06-01,1.42
698,2015-06-02,1.4
699,2015-06-03,1.4
700,2015-06-04,1.4
701,2015-06-05,1.36
702,2015-06-08,1.36
703,2015-06-09,1.32
704,2015-06-10,1.3
705,2015-06-11,1.33
706,2015-06-12,1.34
707,2015-06-15,1.33
708,2015-06-16,1.32
709,2015-06-17,1.28
710,2015-06-18,1.28
711,2015-06-19,1.24
712,2015-06-22,1.28
713,2015-06-23,1.27
714,2015-06-24,1.3
715,2015-06-25,1.3
716,2015-06-26,1.29
717,2015-06-29,1.23
718,2015-06-30,1.22
719,2015-07-01,1.26
720,2015-07-02,1.25
721,2015-07-03,1.26
722,2015-07-06,1.25
723,2015-07-07,1.26
724,2015-07-08,1.23
725,2015-07-09,1.21
726,2015-07-10,1.24
727,2015-07-13,1.28
728,2015-07-14,1.32
729,2015-07-15,1.3
730,2015-07-16,1.32
731,2015-07-17,1.31
732,2015-07-20,1.34
733,2015-07-21,1.36
734,2015-07-22,1.37
735,2015-07-23,1.39
736,2015-07-24,1.35
737,2015-07-27,1.3
738,2015-07-28,1.3
739,2015-07-29,1.33
740,2015-07-30,1.35
741,2015-07-31,1.37
742,2015-08-03,1.36
743,2015-08-04,1.38
744,2015-08-05,1.41
745,2015-08-06,1.41
746,2015-08-07,1.4
747,2015-08-10,1.37
748,2015-08-11,1.37
749,2015-08-12,1.34
750,2015-08-13,1.34
751,2015-08-17,1.4
752,2015-08-18,1.42
753,2015-08-19,1.41
754,2015-08-20,1.41
755,2015-08-21,1.4
756,2015-08-24,1.34
757,2015-08-25,1.35
758,2015-08-26,1.34
759,2015-08-27,1.32
760,2015-08-28,1.32
761,2015-08-31,1.36
762,2015-09-01,1.38
763,2015-09-02,1.37
764,2015-09-03,1.36
765,2015-09-04,1.35
766,2015-09-07,1.35
767,2015-09-08,1.36
768,2015-09-09,1.38
769,2015-09-10,1.37
770,2015-09-11,1.37
771,2015-09-14,1.36
772,2015-09-15,1.37
773,2015-09-16,1.38
774,2015-09-17,1.36
775,2015-09-18,1.33
776,2015-09-21,1.35
777,2015-09-22,1.35
778,2015-09-23,1.33
779,2015-09-24,1.31
780,2015-09-25,1.33
781,2015-09-30,1.3
782,2015-10-01,1.34
783,2015-10-02,1.36
784,2015-10-05,1.33
785,2015-10-06,1.36
786,2015-10-07,1.37
787,2015-10-08,1.38
788,2015-10-12,1.38
789,2015-10-13,1.38
790,2015-10-14,1.36
791,2015-10-15,1.32
792,2015-10-16,1.35
793,2015-10-19,1.34
794,2015-10-20,1.34
795,2015-10-21,1.35
796,2015-10-22,1.37
797,2015-10-23,1.38
798,2015-10-26,1.4
799,2015-10-27,1.41
800,2015-10-28,1.41
801,2015-10-29,1.44
802,2015-10-30,1.49
803,2015-11-02,1.49
804,2015-11-03,1.49
805,2015-11-04,1.52
806,2015-11-05,1.52
807,2015-11-06,1.52
808,2015-11-09,1.55
809,2015-11-10,1.53
810,2015-11-11,1.53
811,2015-11-12,1.57
812,2015-11-13,1.56
813,2015-11-16,1.49
814,2015-11-17,1.48
815,2015-11-18,1.48
816,2015-11-19,1.49
817,2015-11-20,1.5
818,2015-11-23,1.53
819,2015-11-24,1.55
820,2015-11-25,1.55
821,2015-11-26,1.58
822,2015-11-27,1.59
823,2015-11-30,1.58
824,2015-12-01,1.58
825,2015-12-02,1.58
826,2015-12-03,1.57
827,2015-12-04,1.57
828,2015-12-07,1.58
829,2015-12-08,1.57
830,2015-12-09,1.58
831,2015-12-10,1.59
832,2015-12-11,1.58
833,2015-12-14,1.57
834,2015-12-15,1.57
835,2015-12-16,1.55
836,2015-12-17,1.57
837,2015-12-18,1.56
838,2015-12-21,1.56
839,2015-12-22,1.57
840,2015-12-23,1.61
841,2015-12-24,1.64
842,2015-12-28,1.62
843,2015-12-29,1.64
844,2015-12-30,1.67
845,2015-12-31,1.65
846,2016-01-04,1.64
847,2016-01-05,1.62
848,2016-01-06,1.62
849,2016-01-07,1.57
850,2016-01-08,1.61
851,2016-01-11,1.61
852,2016-01-12,1.64
853,2016-01-13,1.65
854,2016-01-14,1.65
855,2016-01-15,1.64
856,2016-01-18,1.63
857,2016-01-19,1.65
858,2016-01-20,1.65
859,2016-01-21,1.63
860,2016-01-22,1.63
861,2016-01-25,1.63
862,2016-01-26,1.63
863,2016-01-27,1.63
864,2016-01-28,1.66
865,2016-01-29,1.61
866,2016-02-01,1.6
867,2016-02-02,1.61
868,2016-02-03,1.6
869,2016-02-04,1.61
870,2016-02-05,1.59
871,2016-02-11,1.56
872,2016-02-12,1.5
873,2016-02-15,1.53
874,2016-02-16,1.5
875,2016-02-17,1.45
876,2016-02-18,1.48
877,2016-02-19,1.49
878,2016-02-22,1.55
879,2016-02-23,1.55
880,2016-02-24,1.53
881,2016-02-25,1.53
882,2016-02-26,1.5
883,2016-02-29,1.52
884,2016-03-02,1.57
885,2016-03-03,1.61
886,2016-03-04,1.62
887,2016-03-07,1.64
888,2016-03-08,1.63
889,2016-03-09,1.64
890,2016-03-10,1.66
891,2016-03-11,1.66
892,2016-03-14,1.7
893,2016-03-15,1.7
894,2016-03-16,1.7
895,2016-03-17,1.67
896,2016-03-18,1.67
897,2016-03-21,1.65
898,2016-03-22,1.66
899,2016-03-23,1.68
900,2016-03-24,1.68
901,2016-03-25,1.69
902,2016-03-28,1.69
903,2016-03-29,1.68
904,2016-03-30,1.67
905,2016-03-31,1.66
906,2016-04-01,1.66
907,2016-04-04,1.66
908,2016-04-05,1.67
909,2016-04-06,1.66
910,2016-04-07,1.68
911,2016-04-08,1.67
912,2016-04-11,1.66
913,2016-04-12,1.65
914,2016-04-14,1.66
915,2016-04-15,1.67
916,2016-04-18,1.67
917,2016-04-19,1.67
918,2016-04-20,1.67
919,2016-04-21,1.68
920,2016-04-22,1.68
921,2016-04-25,1.68
922,2016-04-26,1.67
923,2016-04-27,1.65
924,2016-04-28,1.63
925,2016-04-29,1.58
926,2016-05-02,1.6
927,2016-05-03,1.6
928,2016-05-04,1.57
929,2016-05-09,1.56
930,2016-05-10,1.57
931,2016-05-11,1.54
932,2016-05-12,1.53
933,2016-05-13,1.57
934,2016-05-16,1.58
935,2016-05-17,1.59
936,2016-05-18,1.61
937,2016-05-19,1.62
938,2016-05-20,1.62
939,2016-05-23,1.62
940,2016-05-24,1.62
941,2016-05-25,1.62
942,2016-05-26,1.62
943,2016-05-27,1.62
944,2016-05-30,1.63
945,2016-05-31,1.63
946,2016-06-01,1.58
947,2016-06-02,1.59
948,2016-06-03,1.59
949,2016-06-07,1.56
950,2016-06-08,1.55
951,2016-06-09,1.48
952,2016-06-10,1.47
953,2016-06-13,1.46
954,2016-06-14,1.46
955,2016-06-15,1.47
956,2016-06-16,1.46
957,2016-06-17,1.45
958,2016-06-20,1.48
959,2016-06-21,1.48
960,2016-06-22,1.47
961,2016-06-23,1.46
962,2016-06-24,1.32
963,2016-06-27,1.31
964,2016-06-28,1.31
965,2016-06-29,1.32
966,2016-06-30,1.32
967,2016-07-01,1.32
968,2016-07-04,1.32
969,2016-07-05,1.34
970,2016-07-06,1.35
971,2016-07-07,1.34
972,2016-07-08,1.34
973,2016-07-11,1.35
974,2016-07-12,1.4
975,2016-07-13,1.4
976,2016-07-14,1.41
977,2016-07-15,1.41
978,2016-07-18,1.42
979,2016-07-19,1.41
980,2016-07-20,1.45
981,2016-07-21,1.45
982,2016-07-22,1.44
983,2016-07-25,1.45
984,2016-07-26,1.44
985,2016-07-27,1.44
986,2016-07-28,1.44
987,2016-07-29,1.45
988,2016-08-01,1.46
989,2016-08-02,1.47
990,2016-08-03,1.48
991,2016-08-04,1.49
992,2016-08-05,1.49
993,2016-08-08,1.51
994,2016-08-09,1.52
995,2016-08-10,1.53
996,2016-08-11,1.52
997,2016-08-12,1.5
998,2016-08-16,1.45
999,2016-08-17,1.47
1000,2016-08-18,1.48
1001,2016-08-19,1.48
1002,2016-08-22,1.51
1003,2016-08-23,1.51
1004,2016-08-24,1.5
1005,2016-08-25,1.47
1006,2016-08-26,1.47
1007,2016-08-29,1.46
1008,2016-08-30,1.45
1009,2016-08-31,1.45
1010,2016-09-01,1.47
1011,2016-09-02,1.47
1012,2016-09-05,1.46
1013,2016-09-06,1.46
1014,2016-09-07,1.45
1015,2016-09-08,1.47
1016,2016-09-09,1.49
1017,2016-09-12,1.5
1018,2016-09-13,1.48
1019,2016-09-19,1.48
1020,2016-09-20,1.48
1021,2016-09-21,1.49
1022,2016-09-22,1.51
1023,2016-09-23,1.5
1024,2016-09-26,1.5
1025,2016-09-27,1.5
1026,2016-09-28,1.5
1027,2016-09-29,1.48
1028,2016-09-30,1.47
1029,2016-10-04,1.46
1030,2016-10-05,1.48
1031,2016-10-06,1.48
1032,2016-10-07,1.47
1033,2016-10-10,1.46
1034,2016-10-11,1.48
1035,2016-10-12,1.48
1036,2016-10-13,1.46
1037,2016-10-14,1.47
1038,2016-10-17,1.47
1039,2016-10-18,1.46
1040,2016-10-19,1.46
1041,2016-10-20,1.46
1042,2016-10-21,1.46
1043,2016-10-24,1.45
1044,2016-10-25,1.45
1045,2016-10-26,1.43
1046,2016-10-27,1.41
1047,2016-10-28,1.39
1048,2016-10-31,1.38
1049,2016-11-01,1.4
1050,2016-11-02,1.37
1051,2016-11-03,1.35
1052,2016-11-04,1.34
1053,2016-11-07,1.34
1054,2016-11-08,1.33
1055,2016-11-09,1.26
1056,2016-11-10,1.3
1057,2016-11-11,1.29
1058,2016-11-14,1.34
1059,2016-11-15,1.33
1060,2016-11-16,1.31
1061,2016-11-17,1.27
1062,2016-11-18,1.24
1063,2016-11-21,1.23
1064,2016-11-22,1.26
1065,2016-11-23,1.29
1066,2016-11-24,1.29
1067,2016-11-25,1.35
1068,2016-11-28,1.27
1069,2016-11-29,1.29
1070,2016-11-30,1.31
1071,2016-12-01,1.34
1072,2016-12-02,1.35
1073,2016-12-05,1.32
1074,2016-12-06,1.36
1075,2016-12-07,1.4
1076,2016-12-08,1.41
1077,2016-12-09,1.43
1078,2016-12-12,1.44
1079,2016-12-13,1.42
1080,2016-12-14,1.4
1081,2016-12-15,1.4
1082,2016-12-16,1.38
1083,2016-12-19,1.31
1084,2016-12-20,1.2
1085,2016-12-21,1.18
1086,2016-12-22,1.18
1087,2016-12-23,1.22
1088,2016-12-26,1.27
1089,2016-12-27,1.31
1090,2016-12-28,1.31
1091,2016-12-29,1.3
1092,2016-12-30,1.3
1093,2017-01-02,1.29
1094,2017-01-03,1.27
1095,2017-01-04,1.24
1096,2017-01-05,1.22
1097,2017-01-06,1.25
1098,2017-01-09,1.28
1099,2017-01-10,1.28
1100,2017-01-11,1.3
1101,2017-01-12,1.28
1102,2017-01-13,1.28
1103,2017-01-16,1.28
1104,2017-01-17,1.29
1105,2017-01-18,1.26
1106,2017-01-19,1.29
1107,2017-01-20,1.3
1108,2017-01-23,1.28
1109,2017-01-24,1.24
1110,2017-01-25,1.26
1111,2017-01-26,1.27
1112,2017-01-31,1.24
1113,2017-02-01,1.25
1114,2017-02-02,1.24
1115,2017-02-03,1.23
1116,2017-02-06,1.2
1117,2017-02-07,1.19
1118,2017-02-08,1.22
1119,2017-02-09,1.2
1120,2017-02-10,1.19
1121,2017-02-13,1.2
1122,2017-02-14,1.2
1123,2017-02-15,1.18
1124,2017-02-16,1.18
1125,2017-02-17,1.09
1126,2017-02-20,1.07
1127,2017-02-21,1.11
1128,2017-02-22,1.1
1129,2017-02-23,1.14
1130,2017-02-24,1.15
1131,2017-02-27,1.15
1132,2017-02-28,1.16
1133,2017-03-02,1.23
1134,2017-03-03,1.25
1135,2017-03-06,1.21
1136,2017-03-07,1.22
1137,2017-03-08,1.23
1138,2017-03-09,1.27
1139,2017-03-10,1.28
1140,2017-03-13,1.29
1141,2017-03-14,1.28
1142,2017-03-15,1.3
1143,2017-03-16,1.28
1144,2017-03-17,1.26
1145,2017-03-20,1.26
1146,2017-03-21,1.24
1147,2017-03-22,1.24
1148,2017-03-23,1.2
1149,2017-03-24,1.19
1150,2017-03-27,1.16
1151,2017-03-28,1.15
1152,2017-03-29,1.21
1153,2017-03-30,1.22
1154,2017-03-31,1.22
1155,2017-04-03,1.22
1156,2017-04-04,1.21
1157,2017-04-05,1.22
1158,2017-04-06,1.19
1159,2017-04-07,1.15
1160,2017-04-10,1.19
1161,2017-04-11,1.19
1162,2017-04-12,1.17
1163,2017-04-13,1.17
1164,2017-04-14,1.15
1165,2017-04-17,1.15
1166,2017-04-18,1.17
1167,2017-04-19,1.16
1168,2017-04-20,1.17
1169,2017-04-21,1.17
1170,2017-04-24,1.25
1171,2017-04-25,1.23
1172,2017-04-26,1.24
1173,2017-04-27,1.23
1174,2017-04-28,1.2
1175,2017-05-02,1.21
1176,2017-05-04,1.22
1177,2017-05-08,1.23
1178,2017-05-10,1.27
1179,2017-05-11,1.24
1180,2017-05-12,1.23
1181,2017-05-15,1.23
1182,2017-05-16,1.23
1183,2017-05-17,1.2
1184,2017-05-18,1.18
1185,2017-05-19,1.18
1186,2017-05-22,1.19
1187,2017-05-23,1.17
1188,2017-05-24,1.17
1189,2017-05-25,1.17
1190,2017-05-26,1.16
1191,2017-05-29,1.18
1192,2017-05-30,1.17
1193,2017-05-31,1.17
1194,2017-06-01,1.13
1195,2017-06-02,1.12
1196,2017-06-05,1.11
1197,2017-06-07,1.11
1198,2017-06-08,1.12
1199,2017-06-09,1.14
1200,2017-06-12,1.19
1201,2017-06-13,1.15
1202,2017-06-14,1.13
1203,2017-06-15,1.13
1204,2017-06-16,1.16
1205,2017-06-19,1.15
1206,2017-06-20,1.17
1207,2017-06-21,1.16
1208,2017-06-22,1.12
1209,2017-06-23,1.15
1210,2017-06-26,1.14
1211,2017-06-27,1.14
1212,2017-06-28,1.17
1213,2017-06-29,1.18
1214,2017-06-30,1.19
1215,2017-07-03,1.2
1216,2017-07-04,1.19
1217,2017-07-05,1.18
1218,2017-07-06,1.19
1219,2017-07-07,1.23
1220,2017-07-10,1.24
1221,2017-07-11,1.22
1222,2017-07-12,1.21
1223,2017-07-13,1.2
1224,2017-07-14,1.19
1225,2017-07-17,1.17
1226,2017-07-18,1.18
1227,2017-07-19,1.19
1228,2017-07-20,1.2
1229,2017-07-21,1.18
1230,2017-07-24,1.17
1231,2017-07-25,1.16
1232,2017-07-26,1.19
1233,2017-07-27,1.19
1234,2017-07-28,1.18
1235,2017-07-31,1.18
1236,2017-08-01,1.19
1237,2017-08-02,1.19
1238,2017-08-03,1.2
1239,2017-08-04,1.19
1240,2017-08-07,1.19
1241,2017-08-08,1.21
1242,2017-08-09,1.19
1243,2017-08-10,1.19
1244,2017-08-11,1.15
1245,2017-08-14,1.18
1246,2017-08-16,1.2
1247,2017-08-17,1.21
1248,2017-08-18,1.2
1249,2017-08-21,1.21
1250,2017-08-22,1.22
1251,2017-08-23,1.25
1252,2017-08-24,1.22
1253,2017-08-25,1.21
1254,2017-08-28,1.2
1255,2017-08-29,1.2
1256,2017-08-30,1.19
1257,2017-08-31,1.19
1258,2017-09-01,1.2
1259,2017-09-04,1.2
1260,2017-09-05,1.2
1261,2017-09-06,1.2
1262,2017-09-07,1.22
1263,2017-09-08,1.19
1264,2017-09-11,1.22
1265,2017-09-12,1.24
1266,2017-09-13,1.23
1267,2017-09-14,1.27
1268,2017-09-15,1.27
1269,2017-09-18,1.27
1270,2017-09-19,1.3
1271,2017-09-20,1.3
1272,2017-09-21,1.3
1273,2017-09-22,1.29
1274,2017-09-25,1.29
1275,2017-09-26,1.29
1276,2017-09-27,1.3
1277,2017-09-28,1.3
1278,2017-09-29,1.31
1279,2017-10-10,1.35
1280,2017-10-11,1.39
1281,2017-10-12,1.4
1282,2017-10-13,1.4
1283,2017-10-16,1.39
1284,2017-10-17,1.41
1285,2017-10-18,1.41
1286,2017-10-19,1.48
1287,2017-10-20,1.53
1288,2017-10-23,1.57
1289,2017-10-24,1.58
1290,2017-10-25,1.63
1291,2017-10-26,1.65
1292,2017-10-27,1.67
1293,2017-10-30,1.66
1294,2017-10-31,1.68
1295,2017-11-01,1.73
1296,2017-11-02,1.74
1297,2017-11-03,1.76
1298,2017-11-06,1.77
1299,2017-11-07,1.75
1300,2017-11-08,1.75
1301,2017-11-09,1.78
1302,2017-11-10,1.78
1303,2017-11-13,1.82
1304,2017-11-14,1.88
1305,2017-11-15,1.87
1306,2017-11-16,1.88
1307,2017-11-17,1.94
1308,2017-11-20,1.9
1309,2017-11-21,1.9
1310,2017-11-22,1.88
1311,2017-11-23,1.86
1312,2017-11-24,1.85
1313,2017-11-27,1.84
1314,2017-11-28,1.82
1315,2017-11-29,1.81
1316,2017-11-30,1.8
1317,2017-12-01,1.8
1318,2017-12-04,1.8
1319,2017-12-05,1.8
1320,2017-12-06,1.8
1321,2017-12-07,1.76
1322,2017-12-08,1.71
1323,2017-12-11,1.68
1324,2017-12-12,1.66
1325,2017-12-13,1.62
1326,2017-12-14,1.6
1327,2017-12-15,1.59
1328,2017-12-18,1.58
1329,2017-12-19,1.53
1330,2017-12-20,1.52
1331,2017-12-21,1.55
1332,2017-12-22,1.6
1333,2017-12-26,1.62
1334,2017-12-27,1.62
1335,2017-12-28,1.68
1336,2017-12-29,1.68
1337,2018-01-02,1.62
1338,2018-01-03,1.59
1339,2018-01-04,1.61
1340,2018-01-05,1.63
1341,2018-01-08,1.6
1342,2018-01-09,1.61
1343,2018-01-10,1.62
1344,2018-01-11,1.62
1345,2018-01-12,1.58
1346,2018-01-15,1.58
1347,2018-01-16,1.57
1348,2018-01-17,1.58
1349,2018-01-18,1.59
1350,2018-01-19,1.55
1351,2018-01-22,1.53
1352,2018-01-23,1.46
1353,2018-01-24,1.44
1354,2018-01-25,1.47
1355,2018-01-26,1.46
1356,2018-01-29,1.54
1357,2018-01-30,1.54
1358,2018-01-31,1.58
1359,2018-02-01,1.58
1360,2018-02-02,1.59
1361,2018-02-05,1.63
1362,2018-02-06,1.58
1363,2018-02-07,1.61
1364,2018-02-08,1.63
1365,2018-02-09,1.58
1366,2018-02-12,1.58
1367,2018-02-13,1.57
1368,2018-02-14,1.58
1369,2018-02-19,1.63
1370,2018-02-20,1.61
1371,2018-02-21,1.6
1372,2018-02-22,1.62
1373,2018-02-23,1.6
1374,2018-02-26,1.6
1375,2018-02-27,1.6
1376,2018-02-28,1.64
1377,2018-03-02,1.64
1378,2018-03-05,1.65
1379,2018-03-06,1.7
1380,2018-03-07,1.76
1381,2018-03-08,1.77
1382,2018-03-09,1.78
1383,2018-03-12,1.78
1384,2018-03-13,1.76
1385,2018-03-14,1.76
1386,2018-03-15,1.73
1387,2018-03-16,1.71
1388,2018-03-19,1.71
1389,2018-03-20,1.67
1390,2018-03-21,1.62
1391,2018-03-22,1.5
1392,2018-03-23,1.39
1393,2018-03-26,1.4
1394,2018-03-27,1.48
1395,2018-03-28,1.65
1396,2018-03-29,1.6
1397,2018-03-30,1.56
1398,2018-04-02,1.51
1399,2018-04-03,1.38
1400,2018-04-04,1.42
1401,2018-04-05,1.42
1402,2018-04-06,1.45
1403,2018-04-09,1.46
1404,2018-04-10,1.44
1405,2018-04-11,1.4
1406,2018-04-12,1.41
1407,2018-04-13,1.41
1408,2018-04-16,1.41
1409,2018-04-17,1.42
1410,2018-04-18,1.45
1411,2018-04-19,1.47
1412,2018-04-20,1.46
1413,2018-04-23,1.42
1414,2018-04-24,1.44
1415,2018-04-25,1.44
1416,2018-04-26,1.46
1417,2018-04-27,1.43
1418,2018-04-30,1.42
1419,2018-05-02,1.4
1420,2018-05-03,1.41
1421,2018-05-04,1.39
1422,2018-05-08,1.41
1423,2018-05-09,1.38
1424,2018-05-10,1.41
1425,2018-05-11,1.39
1426,2018-05-14,1.44
1427,2018-05-15,1.51
1428,2018-05-16,1.51
1429,2018-05-17,1.47
1430,2018-05-18,1.44
1431,2018-05-21,1.41
1432,2018-05-23,1.39
1433,2018-05-24,1.35
1434,2018-05-25,1.4
1435,2018-05-28,1.38
1436,2018-05-29,1.33
1437,2018-05-30,1.32
1438,2018-05-31,1.3
1439,2018-06-01,1.3
1440,2018-06-04,1.33
1441,2018-06-05,1.37
1442,2018-06-07,1.4
1443,2018-06-08,1.38
1444,2018-06-11,1.38
1445,2018-06-12,1.37
1446,2018-06-14,1.47
1447,2018-06-15,1.52
1448,2018-06-18,1.51
1449,2018-06-19,1.47
1450,2018-06-20,1.44
1451,2018-06-21,1.38
1452,2018-06-22,1.43
1453,2018-06-25,1.42
1454,2018-06-26,1.41
1455,2018-06-27,1.45
1456,2018-06-28,1.44
1457,2018-06-29,1.44
1458,2018-07-02,1.45
1459,2018-07-03,1.48
1460,2018-07-04,1.5
1461,2018-07-05,1.51
1462,2018-07-06,1.5
1463,2018-07-09,1.55
1464,2018-07-10,1.57
1465,2018-07-11,1.54
1466,2018-07-12,1.53
1467,2018-07-13,1.53
1468,2018-07-16,1.47
1469,2018-07-17,1.49
1470,2018-07-18,1.51
1471,2018-07-19,1.51
1472,2018-07-20,1.52
1473,2018-07-23,1.51
1474,2018-07-24,1.53
1475,2018-07-25,1.53
1476,2018-07-26,1.54
1477,2018-07-27,1.6
1478,2018-07-30,1.64
1479,2018-07-31,1.61
1480,2018-08-01,1.65
1481,2018-08-02,1.61
1482,2018-08-03,1.6
1483,2018-08-06,1.57
1484,2018-08-07,1.58
1485,2018-08-08,1.58
1486,2018-08-09,1.56
1487,2018-08-10,1.54
1488,2018-08-13,1.53
1489,2018-08-14,1.55
1490,2018-08-16,1.55
1491,2018-08-17,1.54
1492,2018-08-20,1.53
1493,2018-08-21,1.5
1494,2018-08-22,1.48
1495,2018-08-23,1.5
1496,2018-08-24,1.53
1497,2018-08-27,1.55
1498,2018-08-28,1.56
1499,2018-08-29,1.56
1500,2018-08-30,1.55
1501,2018-08-31,1.54
1502,2018-09-03,1.56
1503,2018-09-04,1.56
1504,2018-09-05,1.59
1505,2018-09-06,1.56
1506,2018-09-07,1.61
1507,2018-09-10,1.61
1508,2018-09-11,1.59
1509,2018-09-12,1.58
1510,2018-09-13,1.62
1511,2018-09-14,1.66
1512,2018-09-17,1.64
1513,2018-09-18,1.64
1514,2018-09-19,1.62
1515,2018-09-20,1.64
1516,2018-09-21,1.65
1517,2018-09-27,1.67
1518,2018-09-28,1.71
1519,2018-10-01,1.73
1520,2018-10-02,1.7
1521,2018-10-04,1.74
1522,2018-10-05,1.72
1523,2018-10-08,1.74
1524,2018-10-10,1.76
1525,2018-10-11,1.7
1526,2018-10-12,1.69
1527,2018-10-15,1.7
1528,2018-10-16,1.7
1529,2018-10-17,1.68
1530,2018-10-18,1.67
1531,2018-10-19,1.68
1532,2018-10-22,1.68
1533,2018-10-23,1.66
1534,2018-10-24,1.64
1535,2018-10-25,1.62
1536,2018-10-26,1.6
1537,2018-10-29,1.59
1538,2018-10-30,1.62
1539,2018-10-31,1.65
1540,2018-11-01,1.64
1541,2018-11-02,1.68
1542,2018-11-05,1.7
1543,2018-11-06,1.68
1544,2018-11-07,1.68
1545,2018-11-08,1.64
1546,2018-11-09,1.62
1547,2018-11-12,1.65
1548,2018-11-13,1.65
1549,2018-11-14,1.61
1550,2018-11-15,1.57
1551,2018-11-16,1.55
1552,2018-11-19,1.51
1553,2018-11-20,1.49
1554,2018-11-21,1.49
1555,2018-11-22,1.49
1556,2018-11-23,1.51
1557,2018-11-26,1.54
1558,2018-11-27,1.56
1559,2018-11-28,1.54
1560,2018-11-29,1.5
1561,2018-11-30,1.52
1562,2018-12-03,1.53
1563,2018-12-04,1.55
1564,2018-12-05,1.53
1565,2018-12-06,1.51
1566,2018-12-07,1.47
1567,2018-12-10,1.43
1568,2018-12-11,1.43
1569,2018-12-12,1.45
1570,2018-12-13,1.44
1571,2018-12-14,1.42
1572,2018-12-17,1.44
1573,2018-12-18,1.44
1574,2018-12-19,1.45
1575,2018-12-20,1.49
1576,2018-12-21,1.5
1577,2018-12-24,1.52
1578,2018-12-26,1.52
1579,2018-12-27,1.53
1580,2018-12-28,1.51
1581,2018-12-31,1.51
1582,2019-01-02,1.53
1583,2019-01-03,1.51
1584,2019-01-04,1.51
1585,2019-01-07,1.61
1586,2019-01-08,1.62
1587,2019-01-09,1.65
1588,2019-01-10,1.65
1589,2019-01-11,1.63
1590,2019-01-14,1.61
1591,2019-01-15,1.63
1592,2019-01-16,1.62
1593,2019-01-17,1.61
1594,2019-01-18,1.63
1595,2019-01-21,1.63
1596,2019-01-22,1.64
1597,2019-01-23,1.65
1598,2019-01-24,1.67
1599,2019-01-25,1.66
1600,2019-01-28,1.68
1601,2019-01-29,1.69
1602,2019-01-30,1.69
1603,2019-01-31,1.68
1604,2019-02-01,1.65
1605,2019-02-07,1.66
1606,2019-02-08,1.65
1607,2019-02-11,1.65
1608,2019-02-12,1.66
1609,2019-02-13,1.64
1610,2019-02-14,1.64
1611,2019-02-15,1.65
1612,2019-02-18,1.64
1613,2019-02-19,1.64
1614,2019-02-20,1.64
1615,2019-02-21,1.63
1616,2019-02-22,1.63
1617,2019-02-25,1.62
1618,2019-02-26,1.63
1619,2019-02-27,1.62
1620,2019-02-28,1.65
1621,2019-03-04,1.65
1622,2019-03-05,1.67
1623,2019-03-06,1.68
1624,2019-03-07,1.67
1625,2019-03-08,1.66
1626,2019-03-11,1.68
1627,2019-03-12,1.66
1628,2019-03-13,1.63
1629,2019-03-14,1.65
1630,2019-03-15,1.62
1631,2019-03-18,1.63
1632,2019-03-19,1.6
1633,2019-03-20,1.6
1634,2019-03-21,1.58
1635,2019-03-22,1.58
1636,2019-03-25,1.57
1637,2019-03-26,1.58
1638,2019-03-27,1.58
1639,2019-03-28,1.56
1640,2019-03-29,1.59
1641,2019-04-01,1.59
1642,2019-04-02,1.59
1643,2019-04-03,1.62
1644,2019-04-04,1.63
1645,2019-04-05,1.62
1646,2019-04-08,1.63
1647,2019-04-09,1.6
1648,2019-04-10,1.59
1649,2019-04-11,1.58
1650,2019-04-12,1.57
1651,2019-04-15,1.58
1652,2019-04-16,1.59
1653,2019-04-17,1.57
1654,2019-04-18,1.56
1655,2019-04-19,1.55
1656,2019-04-22,1.56
1657,2019-04-23,1.55
1658,2019-04-24,1.52
1659,2019-04-25,1.46
1660,2019-04-26,1.47
1661,2019-04-29,1.44
1662,2019-04-30,1.4
1663,2019-05-02,1.45
1664,2019-05-03,1.47
1665,2019-05-07,1.44
1666,2019-05-08,1.42
1667,2019-05-09,1.39
1668,2019-05-10,1.36
1669,2019-05-13,1.35
1670,2019-05-14,1.33
1671,2019-05-15,1.33
1672,2019-05-16,1.32
1673,2019-05-17,1.32
1674,2019-05-20,1.34
1675,2019-05-21,1.34
1676,2019-05-22,1.32
1677,2019-05-23,1.32
1678,2019-05-24,1.26
1679,2019-05-27,1.25
1680,2019-05-28,1.26
1681,2019-05-29,1.24
1682,2019-05-30,1.23
1683,2019-05-31,1.21
1684,2019-06-03,1.13
1685,2019-06-04,1.11
1686,2019-06-05,1.1
1687,2019-06-07,1.1
1688,2019-06-10,1.16
1689,2019-06-11,1.22
1690,2019-06-12,1.18
1691,2019-06-13,1.14
1692,2019-06-14,1.11
1693,2019-06-17,1.12
1694,2019-06-18,1.12
1695,2019-06-19,1.12
1696,2019-06-20,1.05
1697,2019-06-21,1.05
1698,2019-06-24,1.08
1699,2019-06-25,1.06
1700,2019-06-26,1.09
1701,2019-06-27,1.11
1702,2019-06-28,1.13
1703,2019-07-01,1.19
1704,2019-07-02,1.22
1705,2019-07-03,1.18
1706,2019-07-04,1.18
1707,2019-07-05,1.18
1708,2019-07-08,1.22
1709,2019-07-09,1.2
1710,2019-07-10,1.22
1711,2019-07-11,1.16
1712,2019-07-12,1.16
1713,2019-07-15,1.13
1714,2019-07-16,1.1
1715,2019-07-17,1.08
1716,2019-07-18,1.04
1717,2019-07-19,1.06
1718,2019-07-22,1.07
1719,2019-07-23,1.06
1720,2019-07-24,1.03
1721,2019-07-25,0.99
1722,2019-07-26,0.98
1723,2019-07-29,1.01
1724,2019-07-30,0.99
1725,2019-07-31,1
1726,2019-08-01,1.03
1727,2019-08-02,0.93
1728,2019-08-05,0.82
1729,2019-08-06,0.77
1730,2019-08-07,0.78
1731,2019-08-08,0.78
1732,2019-08-09,0.77
1733,2019-08-12,0.76
1734,2019-08-13,0.72
1735,2019-08-14,0.75
1736,2019-08-16,0.69
1737,2019-08-19,0.71
1738,2019-08-20,0.75
1739,2019-08-21,0.78
1740,2019-08-22,0.8
1741,2019-08-23,0.83
1742,2019-08-26,0.78
1743,2019-08-27,0.79
1744,2019-08-28,0.81
1745,2019-08-29,0.8
1746,2019-08-30,0.83
1747,2019-09-02,0.86
1748,2019-09-03,0.87
1749,2019-09-04,0.85
1750,2019-09-05,0.87
1751,2019-09-06,0.87
1752,2019-09-09,0.87
1753,2019-09-10,0.91
1754,2019-09-11,0.96
1755,2019-09-16,0.99
1756,2019-09-17,0.98
1757,2019-09-18,0.96
1758,2019-09-19,0.95
1759,2019-09-20,0.94
1760,2019-09-23,0.95
1761,2019-09-24,0.95
1762,2019-09-25,0.95
1763,2019-09-26,0.95
1764,2019-09-27,0.96
1765,2019-09-30,0.96
1766,2019-10-01,0.97
1767,2019-10-02,0.97
1768,2019-10-04,0.92
1769,2019-10-07,0.92
1770,2019-10-08,0.94
1771,2019-10-10,0.91
1772,2019-10-11,0.92
1773,2019-10-14,0.96
1774,2019-10-15,0.95
1775,2019-10-16,0.98
1776,2019-10-17,1.01
1777,2019-10-18,1.01
1778,2019-10-21,1.02
1779,2019-10-22,1.03
1780,2019-10-23,0.99
1781,2019-10-24,1
1782,2019-10-25,1.01
1783,2019-10-28,1.04
1784,2019-10-29,1.05
1785,2019-10-30,1.05
1786,2019-10-31,1.08
1787,2019-11-01,1.06
1788,2019-11-04,1.11
1789,2019-11-05,1.15
1790,2019-11-06,1.18
1791,2019-11-07,1.14
1792,2019-11-08,1.14
1793,2019-11-11,1.14
1794,2019-11-12,1.15
1795,2019-11-13,1.1
1796,2019-11-14,1.05
1797,2019-11-15,1.02
1798,2019-11-18,0.98
1799,2019-11-19,1.03
1800,2019-11-20,1.03
1801,2019-11-21,1
1802,2019-11-22,1.05
1803,2019-11-25,1.08
1804,2019-11-26,1.13
1805,2019-11-27,1.15
1806,2019-11-28,1.16
1807,2019-11-29,1.13
1808,2019-12-02,1.11
1809,2019-12-03,1.09
1810,2019-12-04,1.08
1811,2019-12-05,1.09
1812,2019-12-06,1.12
1813,2019-12-09,1.11
1814,2019-12-10,1.11
1815,2019-12-11,1.12
1816,2019-12-12,1.1
1817,2019-12-13,1.15
1818,2019-12-16,1.14
1819,2019-12-17,1.1
1820,2019-12-18,1.11
1821,2019-12-19,1.13
1822,2019-12-20,1.13
1823,2019-12-23,1.13
1824,2019-12-24,1.1
1825,2019-12-26,1.07
1826,2019-12-27,1.04
1827,2019-12-30,1.12
1828,2019-12-31,1.13
1829,2020-01-02,1.14
1830,2020-01-03,1.13
1831,2020-01-06,1.05
1832,2020-01-07,1.1
1833,2020-01-08,1.09
1834,2020-01-09,1.12
1835,2020-01-10,1.12
1836,2020-01-13,1.13
1837,2020-01-14,1.14
1838,2020-01-15,1.13
1839,2020-01-16,1.15
1840,2020-01-17,1.15
1841,2020-01-20,1.17
1842,2020-01-21,1.14
1843,2020-01-22,1.13
1844,2020-01-23,1.1
1845,2020-01-28,1.05
1846,2020-01-29,1.05
1847,2020-01-30,1.07
1848,2020-01-31,1.07
1849,2020-02-03,1
1850,2020-02-04,1.02
1851,2020-02-05,1.04
1852,2020-02-06,1.08
1853,2020-02-07,1.06
1854,2020-02-10,1.05
1855,2020-02-11,1.03
1856,2020-02-12,1.06
1857,2020-02-13,1.05
1858,2020-02-14,1.07
1859,2020-02-17,1.06
1860,2020-02-18,1.03
1861,2020-02-19,1.04
1862,2020-02-20,1
1863,2020-02-21,1
1864,2020-02-24,0.93
1865,2020-02-25,0.9
1866,2020-02-26,0.82
1867,2020-02-27,0.84
1868,2020-02-28,0.76
1869,2020-03-02,0.69
1870,2020-03-03,0.65
1871,2020-03-04,0.59
1872,2020-03-05,0.78
1873,2020-03-06,0.78
1874,2020-03-09,0.5
1875,2020-03-10,0.53
1876,2020-03-11,0.51
1877,2020-03-12,0.26
1878,2020-03-13,-0.42
1879,2020-03-16,-0.65
1880,2020-03-17,-1.13
1881,2020-03-18,-0.46
1882,2020-03-19,-1.15
1883,2020-03-20,-0.22
1884,2020-03-23,-0.7
1885,2020-03-24,-0.53
1886,2020-03-25,-0.13
1887,2020-03-26,-0.2
1888,2020-03-27,-0.07
1889,2020-03-30,-0.14
1890,2020-03-31,-0.25
1891,2020-04-01,-0.3
1892,2020-04-02,-0.4
1893,2020-04-03,-0.23
1894,2020-04-06,-0.05
1895,2020-04-07,0.23
1896,2020-04-08,0.27
1897,2020-04-09,0.23
1898,2020-04-10,0.24
1899,2020-04-13,0.19
1900,2020-04-14,0.18
1901,2020-04-16,0.01
1902,2020-04-17,0.06
1903,2020-04-20,0.05
1904,2020-04-21,-0.05
1905,2020-04-22,-0.3
1906,2020-04-23,-0.2
1907,2020-04-24,-0.22
1908,2020-04-27,-0.18
1909,2020-04-28,-0.16
1910,2020-04-29,-0.09
1911,2020-05-04,-0.07
1912,2020-05-06,-0.08
1913,2020-05-07,-0.02
1914,2020-05-08,0.1
1915,2020-05-11,0.23
1916,2020-05-12,0.27
1917,2020-05-13,0.31
1918,2020-05-14,0.29
1919,2020-05-15,0.27
1920,2020-05-18,0.29
1921,2020-05-19,0.41
1922,2020-05-20,0.37
1923,2020-05-21,0.32
1924,2020-05-22,0.32
1925,2020-05-25,0.37
1926,2020-05-26,0.39
1927,2020-05-27,0.37
1928,2020-05-28,0.35
1929,2020-05-29,0.35
1930,2020-06-01,0.35
1931,2020-06-02,0.3
1932,2020-06-03,0.3
1933,2020-06-04,0.3
1934,2020-06-05,0.32
1935,2020-06-08,0.34
1936,2020-06-09,0.3
1937,2020-06-10,0.25
1938,2020-06-11,0.2
1939,2020-06-12,0.09
1940,2020-06-15,0.02
1941,2020-06-16,0.06
1942,2020-06-17,0.13
1943,2020-06-18,0.12
1944,2020-06-19,0.1
1945,2020-06-22,0.08
1946,2020-06-23,0.11
1947,2020-06-24,0.18
1948,2020-06-25,0.17
1949,2020-06-26,0.24
1950,2020-06-29,0.21
1951,2020-06-30,0.18
1952,2020-07-01,0.2
1953,2020-07-02,0.23
1954,2020-07-03,0.22
1955,2020-07-06,0.26
1956,2020-07-07,0.24
1957,2020-07-08,0.23
1958,2020-07-09,0.24
1959,2020-07-10,0.22
1960,2020-07-13,0.25
1961,2020-07-14,0.26
1962,2020-07-15,0.26
1963,2020-07-16,0.26
1964,2020-07-17,0.24
1965,2020-07-20,0.24
1966,2020-07-21,0.26
1967,2020-07-22,0.25
1968,2020-07-23,0.25
1969,2020-07-24,0.24
1970,2020-07-27,0.26
1971,2020-07-28,0.29
1972,2020-07-29,0.29
1973,2020-07-30,0.33
1974,2020-07-31,0.3
1975,2020-08-03,0.3
1976,2020-08-04,0.3
1977,2020-08-05,0.3
1978,2020-08-06,0.29
1979,2020-08-07,0.3
1980,2020-08-10,0.34
1981,2020-08-11,0.36
1982,2020-08-12,0.38
1983,2020-08-13,0.37
1984,2020-08-14,0.36
1985,2020-08-18,0.34
1986,2020-08-19,0.34
1987,2020-08-20,0.33
1988,2020-08-21,0.33
1989,2020-08-24,0.34
1990,2020-08-25,0.36
1991,2020-08-26,0.4
1992,2020-08-27,0.41
1993,2020-08-28,0.4
1994,2020-08-31,0.41
1995,2020-09-01,0.44
1996,2020-09-02,0.42
1997,2020-09-03,0.4
1998,2020-09-04,0.38
1999,2020-09-07,0.39
2000,2020-09-08,0.41
2001,2020-09-09,0.41
2002,2020-09-10,0.41
2003,2020-09-11,0.41
2004,2020-09-14,0.41
2005,2020-09-15,0.43
2006,2020-09-16,0.44
2007,2020-09-17,0.44
2008,2020-09-18,0.45
2009,2020-09-21,0.47
2010,2020-09-22,0.45
2011,2020-09-23,0.4
2012,2020-09-24,0.41
2013,2020-09-25,0.4
2014,2020-09-28,0.38
2015,2020-09-29,0.38
2016,2020-10-05,0.37
2017,2020-10-06,0.38
2018,2020-10-07,0.4
2019,2020-10-08,0.4
2020,2020-10-12,0.41
2021,2020-10-13,0.42
2022,2020-10-14,0.41
2023,2020-10-15,0.37
2024,2020-10-16,0.41
2025,2020-10-19,0.4
2026,2020-10-20,0.44
2027,2020-10-21,0.46
2028,2020-10-22,0.45
2029,2020-10-23,0.43
2030,2020-10-26,0.46
2031,2020-10-27,0.46
2032,2020-10-28,0.45
2033,2020-10-29,0.44
2034,2020-10-30,0.4
2035,2020-11-02,0.39
2036,2020-11-03,0.39
2037,2020-11-04,0.39
2038,2020-11-05,0.43
2039,2020-11-06,0.48
2040,2020-11-09,0.53
2041,2020-11-10,0.51
2042,2020-11-11,0.57
2043,2020-11-12,0.55
2044,2020-11-13,0.54
2045,2020-11-16,0.54
2046,2020-11-17,0.56
2047,2020-11-18,0.56
2048,2020-11-19,0.53
2049,2020-11-20,0.52
2050,2020-11-23,0.51
2051,2020-11-24,0.55
2052,2020-11-25,0.56
2053,2020-11-26,0.59
2054,2020-11-27,0.59
2055,2020-11-30,0.57
2056,2020-12-01,0.58
2057,2020-12-02,0.59
2058,2020-12-03,0.57
2059,2020-12-04,0.58
2060,2020-12-07,0.56
2061,2020-12-08,0.56
2062,2020-12-09,0.55
2063,2020-12-10,0.55
2064,2020-12-11,0.53
2065,2020-12-14,0.51
2066,2020-12-15,0.5
2067,2020-12-16,0.49
2068,2020-12-17,0.44
2069,2020-12-18,0.4
2070,2020-12-21,0.43
2071,2020-12-22,0.42
2072,2020-12-23,0.42
2073,2020-12-24,0.41
2074,2020-12-28,0.43
2075,2020-12-29,0.54
2076,2020-12-30,0.54
2077,2020-12-31,0.54
2078,2021-01-04,0.51
2079,2021-01-05,0.47
2080,2021-01-06,0.5
2081,2021-01-07,0.48
2082,2021-01-08,0.5
2083,2021-01-11,0.49
2084,2021-01-12,0.49
2085,2021-01-13,0.48
2086,2021-01-14,0.46
2087,2021-01-15,0.44
2088,2021-01-18,0.43
2089,2021-01-19,0.44
2090,2021-01-20,0.46
2091,2021-01-21,0.46
2092,2021-01-22,0.44
2093,2021-01-25,0.47
2094,2021-01-26,0.44
2095,2021-01-27,0.46
2096,2021-01-28,0.43
2097,2021-01-29,0.43
2098,2021-02-01,0.44
2099,2021-02-02,0.45
2100,2021-02-03,0.47
2101,2021-02-04,0.46
2102,2021-02-05,0.45
2103,2021-02-08,0.45
2104,2021-02-09,0.43
2105,2021-02-10,0.43
2106,2021-02-15,0.43
2107,2021-02-16,0.42
2108,2021-02-17,0.43
2109,2021-02-18,0.45
2110,2021-02-19,0.43
2111,2021-02-22,0.42
2112,2021-02-23,0.42
2113,2021-02-24,0.41
2114,2021-02-25,0.39
2115,2021-02-26,0.35
2116,2021-03-02,0.35
2117,2021-03-03,0.37
2118,2021-03-04,0.38
2119,2021-03-05,0.36
2120,2021-03-08,0.29
2121,2021-03-09,0.23
2122,2021-03-10,0.27
2123,2021-03-11,0.32
2124,2021-03-12,0.34
2125,2021-03-15,0.34
2126,2021-03-16,0.34
2127,2021-03-17,0.35
2128,2021-03-18,0.34
2129,2021-03-19,0.34
2130,2021-03-22,0.38
2131,2021-03-23,0.38
2132,2021-03-24,0.41
2133,2021-03-25,0.44
2134,2021-03-26,0.45
2135,2021-03-29,0.45
2136,2021-03-30,0.48
2137,2021-03-31,0.51
2138,2021-04-01,0.5
2139,2021-04-02,0.5
2140,2021-04-05,0.51
2141,2021-04-06,0.5
2142,2021-04-07,0.48
2143,2021-04-08,0.47
2144,2021-04-09,0.46
2145,2021-04-12,0.48
2146,2021-04-13,0.47
2147,2021-04-14,0.48
2148,2021-04-15,0.48
2149,2021-04-16,0.48
2150,2021-04-19,0.49
2151,2021-04-20,0.51
2152,2021-04-21,0.51
2153,2021-04-22,0.49
2154,2021-04-23,0.47
2155,2021-04-26,0.45
2156,2021-04-27,0.47
2157,2021-04-28,0.48
2158,2021-04-29,0.49
2159,2021-04-30,0.49
2160,2021-05-03,0.47
2161,2021-05-04,0.47
2162,2021-05-06,0.48
2163,2021-05-07,0.47
2164,2021-05-10,0.49
2165,2021-05-11,0.48
2166,2021-05-12,0.45
2167,2021-05-13,0.47
2168,2021-05-14,0.45
2169,2021-05-17,0.45
2170,2021-05-18,0.43
2171,2021-05-20,0.41
2172,2021-05-21,0.42
2173,2021-05-24,0.43
2174,2021-05-25,0.44
2175,2021-05-26,0.44
2176,2021-05-27,0.44
2177,2021-05-28,0.44
2178,2021-05-31,0.48
2179,2021-06-01,0.46
2180,2021-06-02,0.46
2181,2021-06-03,0.46
2182,2021-06-04,0.48
2183,2021-06-07,0.48
2184,2021-06-08,0.48
2185,2021-06-09,0.5
2186,2021-06-10,0.51
2187,2021-06-11,0.53
2188,2021-06-14,0.6
2189,2021-06-15,0.63
2190,2021-06-16,0.6
2191,2021-06-17,0.57
2192,2021-06-18,0.59
2193,2021-06-21,0.61
2194,2021-06-22,0.58
2195,2021-06-23,0.56
2196,2021-06-24,0.62
2197,2021-06-25,0.73
2198,2021-06-28,0.72
2199,2021-06-29,0.75
2200,2021-06-30,0.73
2201,2021-07-01,0.68
2202,2021-07-02,0.7
2203,2021-07-05,0.69
2204,2021-07-06,0.71
2205,2021-07-07,0.67
2206,2021-07-08,0.67
2207,2021-07-09,0.68
2208,2021-07-12,0.69
2209,2021-07-13,0.69
2210,2021-07-14,0.69
2211,2021-07-15,0.75
2212,2021-07-16,0.76
2213,2021-07-19,0.75
2214,2021-07-20,0.72
2215,2021-07-21,0.72
2216,2021-07-22,0.74
2217,2021-07-23,0.79
2218,2021-07-26,0.83
2219,2021-07-27,0.81
2220,2021-07-28,0.86
2221,2021-07-29,0.89
2222,2021-07-30,0.9
2223,2021-08-02,0.88
2224,2021-08-03,0.87
2225,2021-08-04,0.86
2226,2021-08-05,0.88
2227,2021-08-06,0.92
2228,2021-08-09,0.92
2229,2021-08-10,0.9
2230,2021-08-11,0.89
2231,2021-08-12,0.87
2232,2021-08-13,0.82
2233,2021-08-17,0.81
2234,2021-08-18,0.85
2235,2021-08-19,0.85
2236,2021-08-20,0.84
2237,2021-08-23,0.84
2238,2021-08-24,0.84
2239,2021-08-25,0.88
2240,2021-08-26,0.89
2241,2021-08-27,0.89
2242,2021-08-30,0.87
2243,2021-08-31,0.86
2244,2021-09-01,0.89
2245,2021-09-02,0.9
2246,2021-09-03,0.91
2247,2021-09-06,0.92
2248,2021-09-07,0.95
2249,2021-09-08,0.97
2250,2021-09-09,0.97
2251,2021-09-10,0.99
2252,2021-09-13,0.98
2253,2021-09-14,0.97
2254,2021-09-15,0.95
2255,2021-09-16,0.97
2256,2021-09-17,0.96
2257,2021-09-23,0.93
2258,2021-09-24,0.95
2259,2021-09-27,0.93
2260,2021-09-28,0.96
2261,2021-09-29,0.94
2262,2021-09-30,0.95
2263,2021-10-01,0.98
2264,2021-10-05,1.01
2265,2021-10-06,1.03
2266,2021-10-07,1.01
2267,2021-10-08,1.01
2268,2021-10-12,1.07
2269,2021-10-13,1.12
2270,2021-10-14,1.14
2271,2021-10-15,1.13
2272,2021-10-18,1.15
2273,2021-10-19,1.15
2274,2021-10-20,1.15
2275,2021-10-21,1.17
2276,2021-10-22,1.23
2277,2021-10-25,1.24
2278,2021-10-26,1.27
2279,2021-10-27,1.33
2280,2021-10-28,1.33
2281,2021-10-29,1.35
2282,2021-11-01,1.34
2283,2021-11-02,1.33
2284,2021-11-03,1.3
2285,2021-11-04,1.29
2286,2021-11-05,1.26
2287,2021-11-08,1.23
2288,2021-11-09,1.2
2289,2021-11-10,1.19
2290,2021-11-11,1.24
2291,2021-11-12,1.24
2292,2021-11-15,1.21
2293,2021-11-16,1.18
2294,2021-11-17,1.2
2295,2021-11-18,1.21
2296,2021-11-19,1.19
2297,2021-11-22,1.25
2298,2021-11-23,1.29
2299,2021-11-24,1.29
2300,2021-11-25,1.3
2301,2021-11-26,1.21
2302,2021-11-29,1.17
2303,2021-11-30,1.11
2304,2021-12-01,1.13
2305,2021-12-02,1.14
2306,2021-12-03,1.19
2307,2021-12-06,1.19
2308,2021-12-07,1.21
2309,2021-12-08,1.2
2310,2021-12-09,1.2
2311,2021-12-10,1.18
2312,2021-12-13,1.16
2313,2021-12-14,1.13
2314,2021-12-15,1.11
2315,2021-12-16,1.11
2316,2021-12-17,1.17
2317,2021-12-20,1.18
2318,2021-12-21,1.19
2319,2021-12-22,1.2
2320,2021-12-23,1.23
2321,2021-12-24,1.26
2322,2021-12-27,1.25
2323,2021-12-28,1.25
2324,2021-12-29,1.3
2325,2021-12-30,1.3
2326,2021-12-31,1.3
2327,2022-01-03,1.27
2328,2022-01-04,1.28
2329,2022-01-05,1.27
2330,2022-01-06,1.28
2331,2022-01-07,1.26
2332,2022-01-10,1.24
2333,2022-01-11,1.26
2334,2022-01-12,1.28
2335,2022-01-13,1.28
2336,2022-01-14,1.32
2337,2022-01-17,1.34
2338,2022-01-18,1.35
2339,2022-01-19,1.32
2340,2022-01-20,1.35
2341,2022-01-21,1.3
2342,2022-01-24,1.33
2343,2022-01-25,1.35
2344,2022-01-26,1.36
2345,2022-01-27,1.37
2346,2022-01-28,1.38
2347,2022-02-03,1.37
2348,2022-02-04,1.41
2349,2022-02-07,1.41
2350,2022-02-08,1.44
2351,2022-02-09,1.48
2352,2022-02-10,1.49
2353,2022-02-11,1.55
2354,2022-02-14,1.56
2355,2022-02-15,1.46
2356,2022-02-16,1.5
2357,2022-02-17,1.51
2358,2022-02-18,1.49
2359,2022-02-21,1.5
2360,2022-02-22,1.44
2361,2022-02-23,1.46
2362,2022-02-24,1.37
2363,2022-02-25,1.38
2364,2022-02-28,1.33
2365,2022-03-02,1.19
2366,2022-03-03,1.28
2367,2022-03-04,1.36
2368,2022-03-07,1.34
2369,2022-03-08,1.28
2370,2022-03-10,1.34
2371,2022-03-11,1.4
2372,2022-03-14,1.46
2373,2022-03-15,1.48
2374,2022-03-16,1.5
2375,2022-03-17,1.56
2376,2022-03-18,1.58
2377,2022-03-21,1.54
2378,2022-03-22,1.59
2379,2022-03-23,1.63
2380,2022-03-24,1.66
2381,2022-03-25,1.73
2382,2022-03-28,1.85
2383,2022-03-29,1.84
2384,2022-03-30,1.83
2385,2022-03-31,1.81
2386,2022-04-01,1.85
2387,2022-04-04,1.86
2388,2022-04-05,1.94
2389,2022-04-06,1.91
2390,2022-04-07,1.89
2391,2022-04-08,1.95
2392,2022-04-11,1.96
2393,2022-04-12,1.95
2394,2022-04-13,1.97
2395,2022-04-14,1.88
2396,2022-04-15,1.93
2397,2022-04-18,1.91
2398,2022-04-19,1.84
2399,2022-04-20,1.82
2400,2022-04-21,1.9
2401,2022-04-22,1.85
2402,2022-04-25,1.74
2403,2022-04-26,1.77
2404,2022-04-27,1.7
2405,2022-04-28,1.74
2406,2022-04-29,1.84
2407,2022-05-02,1.92
2408,2022-05-03,1.89
2409,2022-05-04,1.98
2410,2022-05-06,1.97
2411,2022-05-09,1.96
2412,2022-05-10,1.98
2413,2022-05-11,2.02
2414,2022-05-12,1.96
2415,2022-05-13,1.93
2416,2022-05-16,1.98
2417,2022-05-17,2.02
2418,2022-05-18,2.11
2419,2022-05-19,2.15
2420,2022-05-20,2.16
2421,2022-05-23,2.14
2422,2022-05-24,2.14
2423,2022-05-25,2.1
2424,2022-05-26,2.12
2425,2022-05-27,2.13
2426,2022-05-30,2.17
2427,2022-05-31,2.2
2428,2022-06-02,2.2
2429,2022-06-03,2.18
2430,2022-06-07,2.25
2431,2022-06-08,2.3
2432,2022-06-09,2.32
2433,2022-06-10,2.36
2434,2022-06-13,2.51
2435,2022-06-14,2.56
2436,2022-06-15,2.55
2437,2022-06-16,2.63
2438,2022-06-17,2.63
2439,2022-06-20,2.59
2440,2022-06-21,2.61
2441,2022-06-22,2.53
2442,2022-06-23,2.56
2443,2022-06-24,2.54
2444,2022-06-27,2.57
2445,2022-06-28,2.57
2446,2022-06-29,2.54
2447,2022-06-30,2.59
2448,2022-07-01,2.51
2449,2022-07-04,2.47
2450,2022-07-05,2.5
2451,2022-07-06,2.53
2452,2022-07-07,2.66
2453,2022-07-08,2.7
2454,2022-07-11,2.78
2455,2022-07-12,2.8
2456,2022-07-13,2.77
2457,2022-07-14,2.91
2458,2022-07-15,2.9
2459,2022-07-18,2.9
2460,2022-07-19,2.86
2461,2022-07-20,2.98
2462,2022-07-21,3
2463,2022-07-22,2.93
2464,2022-07-25,2.85
2465,2022-07-26,2.86
2466,2022-07-27,2.87
2467,2022-07-28,2.91
2468,2022-07-29,2.8
